sample_id,label,measure,thien,minh,agree
BDD02,traffic_light,count,3,3,1
BDD02,traffic_light,attr:direction,straight|straight|straight,straight|straight|straight,1
BDD02,traffic_light,attr:needs_review,false|false|false,false|false|false,1
BDD02,traffic_light,attr:relevance,ego_lane|ego_lane|ego_lane,cross_traffic|ego_lane|ego_lane,0
BDD02,traffic_light,attr:state,green|green|green,green|green|green,1
BDD07,traffic_light,count,2,2,1
BDD07,traffic_light,attr:direction,__undefined__|straight,__undefined__|straight,1
BDD07,traffic_light,attr:needs_review,false|false,false|false,1
BDD07,traffic_light,attr:relevance,__undefined__|cross_traffic,__undefined__|cross_traffic,1
BDD07,traffic_light,attr:state,__undefined__|green,__undefined__|green,1
LISA04,traffic_light,count,3,3,1
LISA04,traffic_light,attr:direction,left|straight|straight,left|straight|straight,1
LISA04,traffic_light,attr:needs_review,false|false|false,false|false|false,1
LISA04,traffic_light,attr:relevance,cross_traffic|ego_lane|ego_lane,cross_traffic|ego_lane|ego_lane,1
LISA04,traffic_light,attr:state,red|red|red,red|red|red,1
LISA07,traffic_light,count,3,3,1
LISA07,traffic_light,attr:direction,left|straight|straight,left|straight|straight,1
LISA07,traffic_light,attr:needs_review,false|false|false,false|false|false,1
LISA07,traffic_light,attr:relevance,cross_traffic|ego_lane|ego_lane,cross_traffic|ego_lane|ego_lane,1
LISA07,traffic_light,attr:state,red|red|red,red|red|red,1
LISA10,traffic_light,count,3,3,1
LISA10,traffic_light,attr:direction,straight|straight|straight,straight|straight|straight,1
LISA10,traffic_light,attr:needs_review,false|false|false,false|false|false,1
LISA10,traffic_light,attr:relevance,cross_traffic|ego_lane|ego_lane,cross_traffic|ego_lane|ego_lane,1
LISA10,traffic_light,attr:state,red|red|red,red|red|red,1
LISA12,traffic_light,count,3,3,1
LISA12,traffic_light,attr:direction,left|straight|straight,left|straight|straight,1
LISA12,traffic_light,attr:needs_review,false|false|false,false|false|false,1
LISA12,traffic_light,attr:relevance,cross_traffic|ego_lane|ego_lane,cross_traffic|ego_lane|ego_lane,1
LISA12,traffic_light,attr:state,red|red|red,red|red|red,1
