sample_id,decision_id,expected,severity,kind,peer_evidence,correct,note
LISA20,d1,label=traffic_light x3,major,decision,traffic_light [direction=general;needs_review=false;relevance=cross_traffic;state=green]×2 | traffic_light [direction=general;needs_review=false;relevance=ego_lane;state=green]×2 | traffic_light [direction=left;needs_review=false;relevance=cross_traffic;state=red],1,Đúng. Peer tách độc lập từng đầu đèn trên cần vươn
LISA20,d2,relevance=ego_lane x2,major,decision,traffic_light [direction=general;needs_review=false;relevance=cross_traffic;state=green]×2 | traffic_light [direction=general;needs_review=false;relevance=ego_lane;state=green]×2 | traffic_light [direction=left;needs_review=false;relevance=cross_traffic;state=red],0,Sai. Nhầm 2 đèn trên cần vươn thành cross_traffic do không thấy vạch làn xe chủ
LISA20,d3,direction=left (đèn ngoài cùng bên trái),major,decision,traffic_light [direction=general;needs_review=false;relevance=cross_traffic;state=green]×2 | traffic_light [direction=general;needs_review=false;relevance=ego_lane;state=green]×2 | traffic_light [direction=left;needs_review=false;relevance=cross_traffic;state=red],1,Đúng. Nhận diện chính xác mũi tên rẽ trái
BDD18,d1,label=traffic_light,major,decision,traffic_light [direction=general;needs_review=false;relevance=ego_lane;state=green]×2 | traffic_light [direction=general;needs_review=false;relevance=pedestrian;state=off] | traffic_light [direction=general;needs_review=false;relevance=pedestrian;state=red],1,Đúng. Nhận diện đầy đủ các đầu đèn ban đêm
BDD18,d2,relevance=pedestrian,major,decision,traffic_light [direction=general;needs_review=false;relevance=pedestrian;state=off] | traffic_light [direction=general;needs_review=false;relevance=pedestrian;state=red],1,Đúng. Gán đúng relevance=pedestrian cho đèn người đi bộ
BDD26,d1,state=green,major,decision,traffic_light [direction=general;needs_review=false;relevance=ego_lane;state=green],1,Đúng. Nhận diện chính xác state=green
BDD26,d2,geometry:box ôm khít vỏ cứng không bao quầng sáng chóa,minor,geometry,traffic_light [direction=general;needs_review=false;relevance=ego_lane;state=green],0,Sai. Vẽ bọc quầng chóa sáng bloom 39x53 px do không tìm thấy viền vỏ cứng
LISA25,d1,relevance=cross_traffic (đèn rẽ trái),critical,decision,traffic_light [direction=general;needs_review=false;relevance=cross_traffic;state=green]×2 | traffic_light [direction=general;needs_review=false;relevance=ego_lane;state=green]×2 | traffic_light [direction=left;needs_review=false;relevance=cross_traffic;state=red],1,Đúng. Đèn rẽ trái đỏ được gán cross_traffic chuẩn xác
LISA25,d2,state=red (đèn đi thẳng),critical,decision,traffic_light [direction=general;needs_review=false;relevance=cross_traffic;state=green]×2 | traffic_light [direction=general;needs_review=false;relevance=ego_lane;state=green]×2 | traffic_light [direction=left;needs_review=false;relevance=cross_traffic;state=red],0,Sai. Peer gán các đèn đi thẳng là green thay vì red
LISA28,d1,relevance=uncertain,major,decision,traffic_light [direction=general;needs_review=false;relevance=cross_traffic;state=green]×2 | traffic_light [direction=general;needs_review=false;relevance=ego_lane;state=green]×2 | traffic_light [direction=left;needs_review=false;relevance=cross_traffic;state=red],0,Sai. Peer không gán uncertain ở góc chụp nghiêng khó phân làn
LISA28,d2,needs_review=true,minor,decision,traffic_light [direction=general;needs_review=false;relevance=cross_traffic;state=green]×2 | traffic_light [direction=general;needs_review=false;relevance=ego_lane;state=green]×2 | traffic_light [direction=left;needs_review=false;relevance=cross_traffic;state=red],0,Sai. Peer để nguyên mặc định false dù trường hợp mơ hồ
